estacion,fechahora,370nm ng/m3 (ng/m3),BBP (%),CO (ppm),Dir Viento (Grados),Dir Viento 10M (Grados),HR (%),HR_2m (%),Humedad Inter (%),NO (ppb),NO2 (ppb),NOX (ppb),OZONO (ppb),PM10 (µg/m3),PM25 (µg/m3),Precipitacion (mm),Presion Baro (mmHg),Rad Solar (W/M²),SO2 (ppb),SO2 Envea (ppb),Tempe Inter (°C),Temperatura (°C),Temperatura 20M (°C),Temperatura 8M (°C),Vel Viento (m/s),Vel Viento 10M (m/s),eBC (µg/m3)
Bolivia,2025-10-10 00:00:00,,,0.56,42.0,,86.0,,,26.0,26.1,52.2,1.5,22.5,9.2,0.0,565.0,0.0,,3.4,,12.5,,,2.0,,
Bolivia,2025-10-10 01:00:00,,,0.51,36.0,,88.0,,,21.3,24.6,45.9,1.5,17.7,13.1,0.0,565.0,0.0,,2.9,,12.3,,,1.8,,
Bolivia,2025-10-10 02:00:00,,,0.45,63.0,,87.0,,,11.9,18.9,30.9,2.5,26.2,9.5,0.0,565.0,0.0,,2.3,,12.5,,,1.7,,
Bolivia,2025-10-10 03:00:00,,,0.44,20.0,,88.0,,,6.7,15.8,22.5,2.4,19.4,7.3,0.0,565.0,0.0,,1.8,,12.1,,,1.5,,
Bolivia,2025-10-10 04:00:00,,,0.52,44.0,,87.0,,,22.2,24.5,46.7,1.7,15.1,6.1,0.0,565.0,0.0,,2.5,,12.1,,,1.8,,
Bolivia,2025-10-10 05:00:00,,,0.74,41.0,,85.0,,,25.3,23.9,49.3,1.1,19.6,5.0,0.0,565.0,5.0,,3.1,,12.0,,,1.4,,
Bolivia,2025-10-10 06:00:00,,,0.84,20.0,,85.0,,,21.5,20.0,41.5,1.5,14.8,5.8,0.0,566.0,80.0,,6.2,,12.2,,,1.4,,
Bolivia,2025-10-10 07:00:00,,,0.83,59.0,,81.0,,,21.9,20.1,42.1,2.9,23.4,10.2,0.0,566.0,194.0,,3.6,,13.4,,,1.4,,
Bolivia,2025-10-10 08:00:00,,,0.7,85.0,,76.0,,,15.0,19.0,34.0,5.2,30.5,9.4,0.0,566.0,218.0,,2.4,,14.6,,,0.8,,
Bolivia,2025-10-10 09:00:00,,,0.71,1.0,,69.0,,,9.1,17.2,26.4,7.6,27.5,7.7,0.0,567.0,359.0,,1.5,,16.2,,,0.6,,
Bolivia,2025-10-10 10:00:00,,,0.8,124.0,,63.0,,,6.3,19.8,26.1,10.4,26.7,6.1,0.0,566.0,396.0,,1.2,,17.1,,,1.5,,
Bolivia,2025-10-10 11:00:00,,,0.57,159.0,,57.0,,,4.4,13.3,17.8,14.3,25.1,5.0,0.0,566.0,757.0,,1.2,,18.5,,,1.4,,
Bolivia,2025-10-10 12:00:00,,,0.52,191.0,,54.0,,,3.8,14.5,18.4,15.9,19.2,6.0,0.0,565.0,617.0,,1.2,,19.5,,,1.4,,
Bolivia,2025-10-10 13:00:00,,,0.66,268.0,,73.0,,,2.5,16.9,19.5,20.4,21.5,5.8,0.0,564.0,256.0,,2.2,,17.7,,,2.3,,
Bolivia,2025-10-10 14:00:00,,,0.65,266.0,,76.0,,,5.5,20.2,25.7,22.0,29.8,7.6,0.0,564.0,267.0,,2.4,,17.4,,,2.6,,
Bolivia,2025-10-10 15:00:00,,,0.61,278.0,,75.0,,,2.1,16.8,18.9,23.0,37.9,7.3,0.0,564.0,94.0,,2.9,,16.6,,,2.8,,
Bolivia,2025-10-10 16:00:00,,,0.73,302.0,,82.0,,,3.7,19.4,23.2,13.1,40.3,13.5,3.7,564.0,10.0,,2.8,,14.5,,,1.9,,
Bolivia,2025-10-10 17:00:00,,,1.23,306.0,,88.0,,,10.6,25.7,36.3,3.7,35.3,16.3,0.0,564.0,6.0,,3.1,,13.9,,,1.3,,
Carvajal - Sevillana,2025-10-10 00:00:00,,,0.48,,,,,,,,,,64.0,29.0,0.0,,,1.2,,,14.2,,,,,
Carvajal - Sevillana,2025-10-10 01:00:00,,,0.34,,,,,,,,,,57.0,33.0,0.2,,,1.0,,,13.8,,,,,
Carvajal - Sevillana,2025-10-10 02:00:00,,,0.28,,,,,,,,,,39.0,34.0,0.1,,,0.4,,,12.9,,,,,
Carvajal - Sevillana,2025-10-10 03:00:00,,,0.41,,,,,,,,,,70.0,30.0,0.0,,,0.7,,,13.1,,,,,
Carvajal - Sevillana,2025-10-10 04:00:00,,,0.97,,,,,,,,,,77.0,43.0,0.0,,,1.8,,,13.5,,,,,
Carvajal - Sevillana,2025-10-10 05:00:00,,,1.78,,,,,,,,,,77.0,44.0,0.0,,,1.1,,,12.8,,,,,
Carvajal - Sevillana,2025-10-10 06:00:00,,,2.09,,,,,,,,,,109.0,47.0,0.0,,,3.8,,,13.8,,,,,
Carvajal - Sevillana,2025-10-10 07:00:00,,,2.8,,,,,,,,,,92.0,31.0,0.0,,,5.7,,,15.2,,,,,
Carvajal - Sevillana,2025-10-10 08:00:00,,,1.66,,,,,,,,,,98.0,38.0,0.0,,,6.0,,,16.4,,,,,
Carvajal - Sevillana,2025-10-10 09:00:00,,,1.14,,,,,,,,,,86.0,25.0,0.0,,,5.0,,,18.7,,,,,
Carvajal - Sevillana,2025-10-10 10:00:00,,,0.74,,,,,,,,,,63.0,24.0,0.0,,,4.1,,,19.4,,,,,
Carvajal - Sevillana,2025-10-10 11:00:00,,,0.5,,,,,,,,,,59.0,24.0,0.0,,,3.3,,,20.9,,,,,
Carvajal - Sevillana,2025-10-10 12:00:00,,,0.84,,,,,,,,,,87.0,41.0,0.0,,,4.8,,,20.6,,,,,
Carvajal - Sevillana,2025-10-10 13:00:00,,,0.69,,,,,,,,,,76.0,40.0,0.0,,,3.5,,,20.9,,,,,
Carvajal - Sevillana,2025-10-10 14:00:00,,,0.76,,,,,,,,,,47.0,40.0,0.0,,,2.4,,,19.0,,,,,
Carvajal - Sevillana,2025-10-10 15:00:00,,,0.77,,,,,,,,,,58.0,31.0,0.0,,,1.8,,,18.3,,,,,
Carvajal - Sevillana,2025-10-10 16:00:00,,,0.92,,,,,,,,,,43.0,12.0,0.0,,,1.5,,,17.3,,,,,
Carvajal - Sevillana,2025-10-10 17:00:00,,,1.01,,,,,,,,,,18.0,34.0,0.0,,,0.9,,,15.8,,,,,
Centro de Alto Rendimiento,2025-10-10 00:00:00,,17.1,0.15,95.0,,73.0,,,2.8,5.6,8.4,14.1,21.0,10.8,0.0,565.0,0.0,0.1,,,11.8,,,0.7,,0.5
Centro de Alto Rendimiento,2025-10-10 01:00:00,,10.1,0.22,303.0,,79.0,,,3.9,9.2,13.1,2.6,16.7,8.2,0.1,565.0,0.0,0.0,,,11.3,,,0.6,,0.9
Centro de Alto Rendimiento,2025-10-10 02:00:00,,4.8,0.45,323.0,,84.0,,,10.7,10.8,21.5,-5.5,13.8,7.0,0.0,565.0,0.0,0.0,,,10.8,,,0.4,,2.3
Centro de Alto Rendimiento,2025-10-10 03:00:00,,2.7,0.36,321.0,,84.0,,,11.3,12.6,23.9,1.6,11.6,5.2,0.0,565.0,0.0,0.0,,,10.7,,,0.6,,3.9
Centro de Alto Rendimiento,2025-10-10 04:00:00,,3.2,0.33,299.0,,84.0,,,16.1,12.9,29.0,3.9,20.1,5.4,0.0,565.0,0.0,-0.1,,,10.4,,,1.3,,5.3
Centro de Alto Rendimiento,2025-10-10 05:00:00,,5.5,0.4,269.0,,85.0,,,29.1,11.4,40.5,4.2,17.6,4.8,0.0,565.0,4.0,0.0,,,9.4,,,0.3,,8.4
Centro de Alto Rendimiento,2025-10-10 06:00:00,,2.3,0.73,21.0,,83.0,,,46.6,12.1,58.7,6.7,15.9,4.8,0.0,566.0,93.0,0.1,,,11.2,,,0.5,,12.3
Centro de Alto Rendimiento,2025-10-10 07:00:00,,4.1,1.0,23.0,,70.0,,,44.0,18.6,62.6,3.9,22.9,4.3,0.0,566.0,105.0,0.5,,,13.3,,,0.4,,12.4
Centro de Alto Rendimiento,2025-10-10 08:00:00,,2.3,1.13,339.0,,62.0,,,42.0,23.4,65.4,8.1,31.1,5.2,0.0,566.0,203.0,0.8,,,15.0,,,0.7,,13.7
Centro de Alto Rendimiento,2025-10-10 09:00:00,,4.4,0.74,341.0,,52.0,,,21.8,17.6,39.5,15.6,33.7,6.6,0.0,566.0,427.0,0.6,,,17.0,,,0.5,,8.1
Centro de Alto Rendimiento,2025-10-10 10:00:00,,27.9,0.19,204.0,,45.0,,,4.7,3.6,8.4,23.8,28.9,6.0,0.0,566.0,441.0,-0.1,,,17.9,,,1.4,,0.9
Centro de Alto Rendimiento,2025-10-10 11:00:00,,18.0,0.18,87.0,,42.0,,,3.4,3.0,6.4,23.9,20.8,6.3,0.0,566.0,721.0,-0.2,,,19.3,,,1.1,,0.8
Centro de Alto Rendimiento,2025-10-10 12:00:00,,11.8,0.19,349.0,,42.0,,,2.7,3.9,6.7,33.7,15.4,5.6,0.0,565.0,306.0,0.0,,,19.1,,,0.8,,0.9
Centro de Alto Rendimiento,2025-10-10 13:00:00,,4.2,0.47,303.0,,56.0,,,6.2,16.3,22.5,,17.3,5.4,0.0,564.0,180.0,,,,17.2,,,3.1,,5.9
Centro de Alto Rendimiento,2025-10-10 14:00:00,,2.4,0.4,299.0,,62.0,,,4.7,13.2,18.0,36.9,16.3,6.9,0.0,564.0,160.0,1.1,,,16.3,,,3.4,,4.8
Centro de Alto Rendimiento,2025-10-10 15:00:00,,1.9,0.36,306.0,,67.0,,,3.5,12.6,16.2,23.4,35.1,9.7,0.0,564.0,36.0,0.6,,,14.9,,,3.1,,3.7
Centro de Alto Rendimiento,2025-10-10 16:00:00,,4.6,0.38,346.0,,67.0,,,2.5,13.7,16.3,25.0,26.5,8.7,0.0,564.0,22.0,0.4,,,13.9,,,1.1,,3.2
Centro de Alto Rendimiento,2025-10-10 17:00:00,,6.8,0.64,296.0,,70.0,,,8.1,21.5,29.6,11.7,19.4,8.3,0.0,564.0,4.0,0.4,,,13.4,,,1.3,,5.1
Ciudad Bolivar,2025-10-10 00:00:00,,11.3,0.26,,,,,,0.3,4.1,4.5,19.4,,3.9,0.1,558.0,0.0,0.5,,,13.1,,,,,0.3
Ciudad Bolivar,2025-10-10 01:00:00,,13.2,0.24,,,,,,0.3,3.7,4.0,18.8,,3.6,0.6,558.0,0.0,0.6,,,12.6,,,,,0.4
Ciudad Bolivar,2025-10-10 02:00:00,,4.7,0.3,,,,,,0.4,5.8,6.2,15.4,,3.3,0.2,557.0,0.0,0.6,,,12.1,,,,,0.8
Ciudad Bolivar,2025-10-10 03:00:00,,2.9,0.28,,,,,,0.4,4.4,4.8,17.6,,3.0,0.0,557.0,0.0,0.9,,,12.2,,,,,0.6
Ciudad Bolivar,2025-10-10 04:00:00,,5.3,0.34,,,,,,2.7,7.6,10.3,14.0,,2.7,0.0,558.0,0.0,0.8,,,12.2,,,,,1.1
Ciudad Bolivar,2025-10-10 05:00:00,,3.3,0.68,,,,,,14.3,14.4,28.7,6.3,,2.7,0.0,558.0,2.0,0.8,,,12.0,,,,,3.6
Ciudad Bolivar,2025-10-10 06:00:00,,7.3,1.37,,,,,,51.7,24.4,76.2,2.0,,2.9,0.0,558.0,65.0,1.8,,,12.4,,,,,10.2
Ciudad Bolivar,2025-10-10 07:00:00,,4.5,1.48,,,,,,53.1,28.3,81.4,2.8,,4.5,0.0,559.0,96.0,2.9,,,13.0,,,,,10.5
Ciudad Bolivar,2025-10-10 08:00:00,,8.2,1.47,,,,,,52.1,32.0,84.1,4.7,,6.3,0.0,559.0,194.0,4.0,,,13.7,,,,,11.4
Ciudad Bolivar,2025-10-10 09:00:00,,5.6,1.23,,,,,,36.9,33.1,70.1,9.7,,10.6,0.0,559.0,302.0,1.6,,,15.3,,,,,9.8
Ciudad Bolivar,2025-10-10 10:00:00,,8.7,0.34,,,,,,3.7,6.4,10.2,23.3,,9.0,0.0,559.0,408.0,,,,16.6,,,,,1.5
Ciudad Bolivar,2025-10-10 11:00:00,,3.2,0.44,,,,,,8.6,11.7,20.3,23.4,,8.3,0.0,558.0,438.0,,,,17.0,,,,,2.4
Ciudad Bolivar,2025-10-10 12:00:00,,8.1,0.5,,,,,,9.2,11.6,20.9,23.4,,15.9,0.0,558.0,487.0,2.4,,,16.4,,,,,4.0
Ciudad Bolivar,2025-10-10 13:00:00,,10.3,0.46,,,,,,7.5,9.4,16.9,26.1,,20.7,0.0,557.0,762.0,2.0,,,16.7,,,,,2.9
Ciudad Bolivar,2025-10-10 14:00:00,,11.5,0.47,,,,,,6.9,9.4,16.3,27.2,37.2,16.2,0.0,556.0,439.0,1.9,,,15.9,,,,,2.4
Ciudad Bolivar,2025-10-10 15:00:00,,8.3,0.47,,,,,,6.1,8.6,14.7,25.0,37.4,24.9,0.0,556.0,256.0,1.4,,,15.3,,,,,2.2
Ciudad Bolivar,2025-10-10 16:00:00,,7.1,0.61,,,,,,8.7,14.6,23.3,19.0,41.1,18.0,0.0,557.0,98.0,1.1,,,14.6,,,,,2.7
Ciudad Bolivar,2025-10-10 17:00:00,,9.6,0.97,,,,,,16.4,23.1,39.5,8.6,42.1,13.2,0.0,557.0,4.0,1.1,,,13.7,,,,,4.4
Colina,2025-10-10 00:00:00,,,0.16,104.0,,,,,1.9,12.1,14.1,7.7,7.6,4.2,0.0,564.0,0.0,1.6,,,13.5,,,0.9,,
Colina,2025-10-10 01:00:00,,,0.15,359.0,,,,,1.8,12.6,14.5,7.6,6.0,5.1,0.0,564.0,0.0,1.5,,,13.3,,,1.0,,
Colina,2025-10-10 02:00:00,,,0.14,93.0,,,,,1.4,10.5,12.0,7.7,7.4,5.2,0.0,564.0,0.0,1.4,,,13.3,,,0.7,,
Colina,2025-10-10 03:00:00,,,0.14,50.0,,,,,1.7,11.8,13.5,6.7,6.7,5.1,0.0,564.0,0.0,0.9,,,13.1,,,0.9,,
Colina,2025-10-10 04:00:00,,,0.15,37.0,,,,,1.9,14.9,16.9,4.1,7.3,5.0,0.0,564.0,0.0,1.0,,,12.9,,,1.2,,
Colina,2025-10-10 05:00:00,,,0.23,16.0,,,,,5.0,18.8,23.9,2.6,10.9,4.9,0.0,565.0,3.0,0.9,,,12.6,,,0.8,,
Colina,2025-10-10 06:00:00,,,,29.0,,,,,,,,,9.3,4.8,0.0,565.0,56.0,,,,13.2,,,0.4,,
Colina,2025-10-10 07:00:00,,,0.43,2.0,,,,,11.2,18.9,30.1,-7.8,6.8,4.8,0.0,565.0,147.0,1.1,,,14.7,,,0.4,,
Colina,2025-10-10 08:00:00,,,0.35,234.0,,,,,6.4,16.0,22.4,9.1,15.0,4.7,0.0,565.0,191.0,1.1,,,16.3,,,0.5,,
Colina,2025-10-10 09:00:00,,,0.41,257.0,,,,,7.7,18.2,25.9,10.1,16.0,4.6,0.0,566.0,219.0,1.0,,,16.9,,,0.4,,
Colina,2025-10-10 10:00:00,,,0.33,225.0,,,,,5.7,16.1,21.8,12.0,12.4,4.6,0.0,565.0,349.0,1.1,,,18.2,,,0.9,,
Colina,2025-10-10 11:00:00,,,0.21,191.0,,,,,2.4,10.7,13.1,14.6,9.2,4.5,0.0,565.0,483.0,1.1,,,19.1,,,1.0,,
Colina,2025-10-10 12:00:00,,,0.19,182.0,,,,,1.8,9.0,10.8,14.5,7.6,4.5,0.0,564.0,616.0,1.1,,,20.6,,,1.4,,
Colina,2025-10-10 13:00:00,,,0.29,288.0,,,,,4.6,15.9,20.5,19.3,7.2,4.8,0.0,563.0,395.0,1.5,,,20.0,,,1.9,,
Colina,2025-10-10 14:00:00,,,0.3,264.0,,,,,3.1,19.3,22.5,20.5,16.5,4.8,0.0,563.0,212.0,1.9,,,18.1,,,2.5,,
Colina,2025-10-10 15:00:00,,,0.24,316.0,,,,,1.2,16.2,17.5,19.7,16.4,5.6,0.0,563.0,24.0,1.6,,,15.7,,,2.8,,
Colina,2025-10-10 16:00:00,,,0.28,319.0,,,,,1.6,16.4,18.1,11.8,16.3,5.3,1.2,563.0,25.0,1.4,,,13.8,,,1.3,,
Colina,2025-10-10 17:00:00,,,0.5,263.0,,,,,3.3,26.0,29.3,4.1,25.5,9.3,0.0,563.0,9.0,1.4,,,14.1,,,0.3,,
Fontibon,2025-10-10 00:00:00,,9.2,0.39,9.0,,84.0,,,23.5,24.3,47.8,0.7,24.4,11.7,0.0,565.0,,1.4,,,12.6,,,1.3,,2.8
Fontibon,2025-10-10 01:00:00,,4.8,0.31,15.0,,86.0,,,13.0,24.2,37.2,0.7,14.0,10.2,0.0,564.0,,1.2,,,12.5,,,0.9,,2.6
Fontibon,2025-10-10 02:00:00,,5.3,0.28,48.0,,87.0,,,5.9,20.2,26.2,1.2,12.7,11.2,0.2,564.0,,1.0,,,12.1,,,0.8,,2.4
Fontibon,2025-10-10 03:00:00,,8.0,0.27,347.0,,89.0,,,13.3,19.5,32.9,0.7,10.6,7.1,0.0,564.0,,1.2,,,11.9,,,1.3,,2.9
Fontibon,2025-10-10 04:00:00,,8.3,0.29,30.0,,89.0,,,12.6,21.5,34.2,0.9,11.3,7.8,0.0,564.0,,0.8,,,11.9,,,1.6,,2.7
Fontibon,2025-10-10 05:00:00,,8.6,0.53,28.0,,87.0,,,31.0,25.9,57.0,0.9,12.4,8.2,0.0,565.0,,1.5,,,11.8,,,1.2,,5.1
Fontibon,2025-10-10 06:00:00,,3.0,0.93,28.0,,84.0,,,56.4,36.3,92.6,1.6,21.3,15.7,0.0,565.0,,2.0,,,12.8,,,0.9,,8.5
Fontibon,2025-10-10 07:00:00,,4.1,0.84,43.0,,77.0,,,43.4,29.5,73.0,2.8,30.2,15.2,0.0,566.0,,1.5,,,13.8,,,1.0,,6.6
Fontibon,2025-10-10 08:00:00,,3.9,1.28,57.0,,71.0,,,59.2,38.5,97.7,2.7,36.0,24.4,0.0,566.0,,2.2,,,14.6,,,1.3,,9.8
Fontibon,2025-10-10 09:00:00,,1.6,0.84,113.0,,59.0,,,28.6,32.4,61.1,8.9,39.9,31.5,0.0,566.0,,2.0,,,16.8,,,0.6,,6.7
Fontibon,2025-10-10 10:00:00,,5.3,0.58,182.0,,52.0,,,15.8,25.3,41.1,17.1,32.0,22.1,0.0,566.0,,1.8,,,17.8,,,1.4,,4.9
Fontibon,2025-10-10 11:00:00,,6.7,0.4,220.0,,48.0,,,7.6,17.5,25.1,26.8,26.6,16.5,0.0,565.0,,1.7,,,19.1,,,1.7,,3.0
Fontibon,2025-10-10 12:00:00,,4.0,0.36,231.0,,54.0,,,4.9,16.3,21.3,33.9,22.0,14.2,0.0,564.0,,1.0,,,18.9,,,3.6,,3.1
Fontibon,2025-10-10 13:00:00,,1.3,0.29,252.0,,69.0,,,3.5,13.5,17.1,36.5,30.5,18.0,0.0,564.0,,0.8,,,16.9,,,6.0,,3.2
Fontibon,2025-10-10 14:00:00,,0.8,0.23,248.0,,71.0,,,3.0,9.8,12.8,31.7,31.5,28.7,0.0,563.0,,0.9,,,16.3,,,6.5,,2.2
Fontibon,2025-10-10 15:00:00,,3.1,0.21,254.0,,73.0,,,3.0,10.0,13.0,25.7,22.9,14.7,0.0,563.0,,0.9,,,15.7,,,5.7,,2.0
Fontibon,2025-10-10 16:00:00,,4.6,0.28,271.0,,72.0,,,2.5,14.1,16.7,18.3,19.0,12.8,0.0,563.0,,0.9,,,15.1,,,2.6,,2.3
Fontibon,2025-10-10 17:00:00,,6.4,0.38,267.0,,72.0,,,3.5,17.9,21.4,13.9,26.0,12.7,0.0,564.0,,1.1,,,14.6,,,2.5,,2.6
Guaymaral,2025-10-10 00:00:00,,,0.28,,297.0,77.0,,,14.4,17.5,31.9,0.9,17.0,7.0,0.0,564.0,0.0,0.7,,,12.0,12.3,11.7,,0.4,
Guaymaral,2025-10-10 01:00:00,,,0.22,,272.0,78.0,,,,16.6,15.3,2.0,17.0,8.0,0.0,564.0,0.0,0.5,,,12.2,12.4,11.9,,0.6,
Guaymaral,2025-10-10 02:00:00,,,0.2,,307.0,78.0,,,4.0,13.8,17.9,4.0,22.0,9.0,0.0,564.0,0.0,0.6,,,12.2,12.5,12.0,,0.6,
Guaymaral,2025-10-10 03:00:00,,,0.23,,328.0,78.0,,,20.8,17.2,38.1,1.0,18.0,13.0,0.0,564.0,0.0,0.8,,,11.5,12.2,11.4,,0.4,
Guaymaral,2025-10-10 04:00:00,,,0.18,,334.0,80.0,,,5.3,12.8,18.2,5.9,20.0,7.0,0.0,564.0,0.0,0.4,,,11.7,12.2,11.6,,0.6,
Guaymaral,2025-10-10 05:00:00,,,0.45,,26.0,78.0,,,56.7,15.9,72.7,3.4,27.0,3.0,0.0,564.0,0.0,1.3,,,11.3,12.1,11.4,,0.8,
Guaymaral,2025-10-10 06:00:00,,,0.36,,254.0,80.0,,,14.0,14.8,28.9,4.7,23.0,2.0,0.0,565.0,13.0,0.9,,,12.3,12.5,12.5,,0.7,
Guaymaral,2025-10-10 07:00:00,,,0.37,,337.0,70.0,,,11.2,14.4,25.6,6.8,31.0,3.0,0.0,565.0,137.0,1.2,,,15.2,13.9,14.7,,0.8,
Guaymaral,2025-10-10 08:00:00,,,0.2,,125.0,57.0,,,,5.8,5.4,17.6,12.0,3.0,0.0,565.0,188.0,0.5,,,17.3,15.5,16.6,,1.1,
Guaymaral,2025-10-10 09:00:00,,,0.2,,169.0,49.0,,,1.5,5.6,7.1,21.3,17.0,0.0,0.0,565.0,290.0,0.2,,,18.8,16.8,18.1,,1.5,
Guaymaral,2025-10-10 10:00:00,,,0.34,,294.0,49.0,,,4.0,11.7,15.8,16.3,29.0,1.0,0.0,565.0,127.0,0.2,,,18.3,16.9,17.6,,1.1,
Guaymaral,2025-10-10 11:00:00,,,0.2,,99.0,49.0,,,2.4,5.6,8.1,21.3,13.0,3.0,0.0,565.0,490.0,0.3,,,20.7,17.9,19.5,,1.5,
Guaymaral,2025-10-10 12:00:00,,,0.17,,57.0,40.0,,,2.4,3.6,6.1,22.7,17.0,2.0,0.0,564.0,576.0,0.3,,,22.3,19.0,20.7,,1.9,
Guaymaral,2025-10-10 13:00:00,,,0.22,,134.0,44.0,,,4.0,6.8,10.8,22.6,18.0,5.0,0.0,563.0,213.0,0.3,,,20.9,19.1,20.2,,1.6,
Guaymaral,2025-10-10 14:00:00,,,0.32,,281.0,61.0,,,0.0,11.0,11.0,41.8,43.0,20.0,1.3,563.0,8.0,0.5,,,17.4,17.2,17.2,,1.4,
Guaymaral,2025-10-10 15:00:00,,,0.25,,285.0,79.0,,,0.8,7.2,8.0,37.5,26.0,14.0,17.3,563.0,0.0,0.2,,,12.3,12.8,12.0,,1.7,
Guaymaral,2025-10-10 16:00:00,,,0.56,,149.0,86.0,,,13.6,32.6,46.2,11.5,38.0,25.0,0.0,563.0,2.0,0.5,,,12.6,13.5,12.5,,0.7,
Guaymaral,2025-10-10 17:00:00,,,0.45,,251.0,85.0,,,2.1,22.9,25.1,11.0,19.0,7.0,0.0,563.0,0.0,0.3,,,13.0,14.1,12.7,,0.4,
Jazmin,2025-10-10 00:00:00,,,0.17,219.0,,80.0,,,1.1,13.5,14.6,9.5,18.8,4.9,0.0,564.0,0.0,0.9,,,14.3,,,0.6,,
Jazmin,2025-10-10 01:00:00,,,0.17,224.0,,83.0,,,1.5,13.0,14.6,9.1,13.5,3.9,0.0,564.0,0.0,1.1,,,14.1,,,0.6,,
Jazmin,2025-10-10 02:00:00,,,0.13,197.0,,85.0,,,0.8,10.7,11.6,10.9,12.8,7.2,0.0,564.0,0.0,1.0,,,13.7,,,1.0,,
Jazmin,2025-10-10 03:00:00,,,0.14,244.0,,80.0,,,0.6,9.1,9.8,12.3,16.7,6.7,0.0,564.0,0.0,0.8,,,13.9,,,0.9,,
Jazmin,2025-10-10 04:00:00,,,0.36,303.0,,86.0,,,14.5,20.5,35.0,2.7,12.8,6.2,0.0,564.0,0.0,1.0,,,13.2,,,1.0,,
Jazmin,2025-10-10 05:00:00,,,0.53,250.0,,84.0,,,21.2,25.1,46.3,0.7,9.2,5.3,0.0,565.0,5.0,0.9,,,13.0,,,0.6,,
Jazmin,2025-10-10 06:00:00,,,1.24,277.0,,83.0,,,62.1,26.5,88.6,1.3,16.4,5.4,0.0,565.0,123.0,1.4,,,13.8,,,0.8,,
Jazmin,2025-10-10 07:00:00,,,0.45,201.0,,69.0,,,10.0,16.1,26.1,8.3,30.2,8.3,0.0,565.0,124.0,1.2,,,15.0,,,0.7,,
Jazmin,2025-10-10 08:00:00,,,0.73,293.0,,66.0,,,14.8,21.6,36.4,8.3,24.3,7.7,0.0,565.0,236.0,1.4,,,15.6,,,0.7,,
Jazmin,2025-10-10 09:00:00,,,0.49,142.0,,56.0,,,12.1,18.3,30.4,14.6,32.5,8.2,0.0,566.0,392.0,1.0,,,17.0,,,1.7,,
Jazmin,2025-10-10 10:00:00,,,0.2,135.0,,51.0,,,6.8,5.2,12.0,20.1,37.2,9.7,0.0,565.0,722.0,0.8,,,18.3,,,2.4,,
Jazmin,2025-10-10 11:00:00,,,0.2,178.0,,48.0,,,3.5,5.1,8.7,19.8,33.5,16.5,0.0,565.0,851.0,0.8,,,19.5,,,1.6,,
Jazmin,2025-10-10 12:00:00,,,0.33,256.0,,50.0,,,5.8,10.4,16.2,21.4,28.3,12.2,0.0,564.0,616.0,1.7,,,19.7,,,2.2,,
Jazmin,2025-10-10 13:00:00,,,0.43,280.0,,61.0,,,7.1,17.3,24.4,23.0,23.3,9.6,0.0,563.0,436.0,2.7,,,18.9,,,3.4,,
Jazmin,2025-10-10 14:00:00,,,0.39,277.0,,66.0,,,8.5,15.5,24.0,21.5,29.3,8.5,0.0,563.0,672.0,1.9,,,18.6,,,4.1,,
Jazmin,2025-10-10 15:00:00,,,0.34,289.0,,74.0,,,6.2,13.8,20.0,19.0,36.7,8.5,0.0,563.0,299.0,1.7,,,17.2,,,3.7,,
Jazmin,2025-10-10 16:00:00,,,0.45,300.0,,76.0,,,4.9,17.0,22.0,14.6,31.0,10.8,0.0,563.0,80.0,1.2,,,16.3,,,2.3,,
Jazmin,2025-10-10 17:00:00,,,0.61,290.0,,73.0,,,5.0,22.1,27.2,10.1,34.5,7.8,0.0,563.0,12.0,1.1,,,15.8,,,2.0,,
Las Ferias,2025-10-10 00:00:00,,,0.22,44.0,,69.0,,35.2,2.7,4.0,6.8,18.2,6.3,3.0,0.0,564.0,,,,25.5,13.5,,,2.7,,
Las Ferias,2025-10-10 01:00:00,,,0.14,48.0,,69.0,,35.1,1.2,3.6,4.8,17.4,11.6,2.0,0.0,564.0,,,,25.6,13.4,,,2.3,,
Las Ferias,2025-10-10 02:00:00,,,0.1,99.0,,71.0,,35.0,1.3,4.1,5.5,16.1,8.5,4.0,0.0,564.0,,,,25.5,13.0,,,0.4,,
Las Ferias,2025-10-10 03:00:00,,,0.21,248.0,,74.0,,35.3,8.0,15.3,23.3,5.7,6.7,5.0,0.0,564.0,,,,25.5,12.6,,,0.4,,
Las Ferias,2025-10-10 04:00:00,,,0.13,358.0,,71.0,,35.3,2.9,12.3,15.2,9.1,6.0,6.0,0.0,564.0,,,,25.5,12.6,,,2.0,,
Las Ferias,2025-10-10 05:00:00,,,0.64,338.0,,73.0,,35.6,34.5,20.8,55.4,2.5,5.1,6.0,0.0,564.0,,,,25.4,12.1,,,0.7,,
Las Ferias,2025-10-10 06:00:00,,,1.39,19.0,,70.0,,35.7,90.4,26.2,116.6,1.2,5.1,16.0,0.0,565.0,,,,25.4,13.8,,,0.3,,
Las Ferias,2025-10-10 07:00:00,,,1.03,256.0,,63.0,,35.0,46.2,26.7,72.9,3.0,17.8,25.0,0.0,565.0,,,,25.6,15.3,,,0.0,,
Las Ferias,2025-10-10 08:00:00,,,1.08,263.0,,56.0,,32.5,42.4,30.6,73.0,5.7,19.7,18.0,0.0,565.0,,,,25.7,16.9,,,0.2,,
Las Ferias,2025-10-10 09:00:00,,,0.87,127.0,,50.0,,27.3,26.2,31.3,57.6,11.4,23.7,23.0,0.0,566.0,,,,25.9,18.3,,,0.1,,
Las Ferias,2025-10-10 10:00:00,,,0.27,76.0,,46.0,,32.1,8.5,11.8,20.3,20.6,17.9,17.0,0.0,565.0,,,,25.6,19.2,,,1.4,,
Las Ferias,2025-10-10 11:00:00,,,0.16,71.0,,39.0,,28.8,5.2,6.8,12.1,25.0,28.7,4.0,0.0,565.0,,,,26.0,21.9,,,1.1,,
Las Ferias,2025-10-10 12:00:00,,,0.13,168.0,,37.0,,20.6,3.2,5.5,8.8,26.5,21.8,4.0,0.0,564.0,,,,26.5,23.0,,,0.7,,
Las Ferias,2025-10-10 13:00:00,,,0.63,221.0,,53.0,,21.7,10.8,29.3,40.2,28.5,16.1,5.0,0.0,563.0,,,,26.5,19.5,,,3.6,,
Las Ferias,2025-10-10 14:00:00,,,0.53,221.0,,60.0,,23.9,9.0,23.6,32.6,27.2,30.7,33.0,0.0,563.0,,,,26.4,17.9,,,4.1,,
Las Ferias,2025-10-10 15:00:00,,,0.52,228.0,,63.0,,24.6,10.3,23.0,33.3,18.6,34.2,18.0,0.0,563.0,,,,26.3,16.8,,,3.4,,
Las Ferias,2025-10-10 16:00:00,,,0.57,350.0,,66.0,,28.2,6.6,24.2,30.8,20.5,24.0,21.0,0.0,563.0,,,,25.9,15.2,,,1.2,,
Las Ferias,2025-10-10 17:00:00,,,0.83,268.0,,68.0,,32.1,12.8,31.3,44.1,7.0,22.9,20.0,0.0,563.0,,,,25.8,15.1,,,0.9,,
MinAmbiente,2025-10-10 00:00:00,,,0.31,,,,,,3.1,5.9,9.0,14.8,4.0,0.0,0.0,,,0.4,,,,,,,,
MinAmbiente,2025-10-10 01:00:00,,,0.4,,,,,,2.4,11.5,14.0,11.4,7.0,4.0,0.0,,,0.5,,,,,,,,
MinAmbiente,2025-10-10 02:00:00,,,0.35,,,,,,1.7,9.4,11.1,12.5,10.0,3.0,0.0,,,0.4,,,,,,,,
MinAmbiente,2025-10-10 03:00:00,,,0.33,,,,,,1.3,10.0,11.3,14.6,9.0,3.0,0.0,,,0.5,,,,,,,,
MinAmbiente,2025-10-10 04:00:00,,,0.47,,,,,,13.2,14.8,28.1,8.5,17.0,14.0,0.0,,,0.3,,,,,,,,
MinAmbiente,2025-10-10 05:00:00,,,0.63,,,,,,17.6,15.9,33.5,2.8,20.0,10.0,0.0,,,0.5,,,,,,,,
MinAmbiente,2025-10-10 06:00:00,,,0.84,,,,,,25.1,15.4,40.6,5.2,17.0,6.0,0.0,,,0.6,,,,,,,,
MinAmbiente,2025-10-10 07:00:00,,,1.34,,,,,,50.1,27.4,77.5,2.7,51.0,16.0,0.0,,,0.8,,,,,,,,
MinAmbiente,2025-10-10 08:00:00,,,1.48,,,,,,58.5,36.2,94.7,4.9,60.0,26.0,0.0,,,1.0,,,,,,,,
MinAmbiente,2025-10-10 09:00:00,,,0.41,,,,,,5.8,7.8,13.6,20.0,10.0,0.0,0.0,,,0.5,,,,,,,,
MinAmbiente,2025-10-10 10:00:00,,,0.34,,,,,,4.3,5.5,9.8,22.8,15.0,2.0,0.0,,,0.4,,,,,,,,
MinAmbiente,2025-10-10 11:00:00,,,0.38,,,,,,6.4,6.6,13.1,22.3,11.0,4.0,0.0,,,0.3,,,,,,,,
MinAmbiente,2025-10-10 12:00:00,,,0.47,,,,,,6.2,8.5,14.7,21.1,15.0,3.0,0.0,,,0.4,,,,,,,,
MinAmbiente,2025-10-10 13:00:00,,,0.89,,,,,,12.3,30.5,42.8,20.7,68.0,22.0,0.0,,,1.4,,,,,,,,
MinAmbiente,2025-10-10 14:00:00,,,0.82,,,,,,13.5,27.9,41.5,19.1,69.0,24.0,0.0,,,1.3,,,,,,,,
MinAmbiente,2025-10-10 15:00:00,,,0.82,,,,,,13.8,28.2,42.0,14.5,60.0,17.0,0.0,,,0.9,,,,,,,,
MinAmbiente,2025-10-10 16:00:00,,,0.9,,,,,,13.5,32.6,46.1,10.5,52.0,15.0,0.0,,,0.7,,,,,,,,
MinAmbiente,2025-10-10 17:00:00,,,1.25,,,,,,14.2,42.4,56.6,5.6,48.0,24.0,0.0,,,0.7,,,,,,,,
Movil 7ma,2025-10-10 00:00:00,,,,154.0,,61.8,,,,,,,25.3,4.1,0.0,563.0,0.0,,,,14.5,,,0.1,,
Movil 7ma,2025-10-10 01:00:00,,,,184.0,,62.1,,,,,,,15.3,4.0,0.0,562.0,0.0,,,,14.5,,,0.1,,
Movil 7ma,2025-10-10 02:00:00,,,,232.0,,62.5,,,,,,,31.9,3.9,0.0,562.0,0.0,,,,14.1,,,0.5,,
Movil 7ma,2025-10-10 03:00:00,,,,227.0,,61.6,,,,,,,19.7,3.9,0.0,562.0,0.0,,,,14.0,,,0.5,,
Movil 7ma,2025-10-10 04:00:00,,,,192.0,,62.2,,,,,,,12.0,3.9,0.0,562.0,0.0,,,,13.8,,,0.2,,
Movil 7ma,2025-10-10 05:00:00,,,,222.0,,69.0,,,,,,,13.6,3.8,0.0,563.0,2.0,,,,13.2,,,0.1,,
Movil 7ma,2025-10-10 06:00:00,,,,192.0,,66.8,,,,,,,27.6,4.6,0.0,563.0,66.0,,,,13.4,,,0.0,,
Movil 7ma,2025-10-10 07:00:00,,,,351.0,,63.1,,,,,,,17.0,4.6,0.0,563.0,90.0,,,,14.8,,,0.0,,
Movil 7ma,2025-10-10 08:00:00,,,,316.0,,56.9,,,,,,,33.2,7.1,0.0,564.0,187.0,,,,16.3,,,0.0,,
Movil 7ma,2025-10-10 09:00:00,,,,211.0,,47.0,,,,,,,27.0,6.5,0.0,564.0,237.0,,,,18.3,,,0.2,,
Movil 7ma,2025-10-10 10:00:00,,,,177.0,,42.2,,,,,,,18.1,5.7,0.0,563.0,274.0,,,,19.6,,,0.3,,
Movil 7ma,2025-10-10 11:00:00,,,,91.0,,41.4,,,,,,,10.5,4.5,0.0,563.0,343.0,,,,20.5,,,0.6,,
Movil 7ma,2025-10-10 12:00:00,,,,145.0,,38.5,,,,,,,24.9,3.7,0.0,562.0,256.0,,,,21.7,,,0.1,,
Movil 7ma,2025-10-10 13:00:00,,,,333.0,,45.3,,,,,,,20.1,3.1,0.0,561.0,208.0,,,,20.4,,,0.3,,
Movil 7ma,2025-10-10 14:00:00,,,,226.0,,53.4,,,,,,,48.3,20.6,0.0,561.0,64.0,,,,19.2,,,0.3,,
Movil 7ma,2025-10-10 15:00:00,,,,265.0,,56.8,,,,,,,45.0,16.1,0.0,561.0,46.0,,,,18.2,,,0.1,,
Movil 7ma,2025-10-10 16:00:00,,,,28.0,,57.9,,,,,,,66.9,11.6,0.0,561.0,22.0,,,,17.0,,,0.9,,
Movil 7ma,2025-10-10 17:00:00,,,,47.0,,59.4,,,,,,,49.7,12.4,0.0,562.0,2.0,,,,16.4,,,0.3,,
Movil Fontibon,2025-10-10 00:00:00,,,,,,,,,,,,,39.6,12.9,,565.0,0.0,,,,13.4,,,,,
Movil Fontibon,2025-10-10 01:00:00,,,,,,,,,,,,,39.8,17.9,,565.0,0.0,,,,13.3,,,,,
Movil Fontibon,2025-10-10 02:00:00,,,,,,,,,,,,,35.0,13.5,,565.0,0.0,,,,12.8,,,,,
Movil Fontibon,2025-10-10 03:00:00,,,,,,,,,,,,,19.2,10.7,,565.0,0.0,,,,12.7,,,,,
Movil Fontibon,2025-10-10 04:00:00,,,,,,,,,,,,,15.1,8.2,,565.0,0.0,,,,12.6,,,,,
Movil Fontibon,2025-10-10 05:00:00,,,,,,,,,,,,,18.6,7.0,,565.0,5.0,,,,12.6,,,,,
Movil Fontibon,2025-10-10 06:00:00,,,,,,,,,,,,,21.1,6.1,,566.0,119.0,,,,13.1,,,,,
Movil Fontibon,2025-10-10 07:00:00,,,,,,,,,,,,,32.0,11.0,,566.0,167.0,,,,14.0,,,,,
Movil Fontibon,2025-10-10 08:00:00,,,,,,,,,,,,,44.4,11.9,,566.0,174.0,,,,14.8,,,,,
Movil Fontibon,2025-10-10 09:00:00,,,,,,,,,,,,,53.9,14.0,,566.0,293.0,,,,16.5,,,,,
Movil Fontibon,2025-10-10 10:00:00,,,,,,,,,,,,,66.4,20.4,,566.0,380.0,,,,17.4,,,,,
Movil Fontibon,2025-10-10 11:00:00,,,,,,,,,,,,,77.2,21.9,,566.0,698.0,,,,18.4,,,,,
Movil Fontibon,2025-10-10 12:00:00,,,,,,,,,,,,,69.7,18.6,,565.0,529.0,,,,18.7,,,,,
Movil Fontibon,2025-10-10 13:00:00,,,,,,,,,,,,,65.2,16.1,,564.0,326.0,,,,17.9,,,,,
Movil Fontibon,2025-10-10 14:00:00,,,,,,,,,,,,,75.8,22.7,,564.0,408.0,,,,17.3,,,,,
Movil Fontibon,2025-10-10 15:00:00,,,,,,,,,,,,,58.7,21.2,,564.0,208.0,,,,16.7,,,,,
Movil Fontibon,2025-10-10 16:00:00,,,,,,,,,,,,,50.8,23.4,,564.0,26.0,,,,15.7,,,,,
Movil Fontibon,2025-10-10 17:00:00,,,,,,,,,,,,,61.9,16.8,,564.0,3.0,,,,14.9,,,,,
Puente Aranda,2025-10-10 00:00:00,,3.1,0.16,215.0,,82.0,,,3.5,15.9,19.4,7.6,6.5,5.7,0.0,564.0,0.0,1.0,,,,,,1.4,,0.6
Puente Aranda,2025-10-10 01:00:00,,5.0,0.15,214.0,,84.0,,,3.4,15.2,18.7,7.9,5.6,5.4,0.0,564.0,0.0,1.0,,,,,,1.4,,0.5
Puente Aranda,2025-10-10 02:00:00,,4.4,0.13,222.0,,90.0,,,3.0,15.7,18.7,5.2,8.0,5.5,0.0,564.0,0.0,1.0,,,,,,0.9,,0.5
Puente Aranda,2025-10-10 03:00:00,,2.3,0.31,271.0,,90.0,,,15.7,20.6,36.3,2.2,9.6,5.0,0.0,564.0,0.0,1.1,,,,,,0.9,,1.1
Puente Aranda,2025-10-10 04:00:00,,2.8,0.43,296.0,,92.0,,,35.9,23.6,59.4,0.8,15.5,4.8,0.0,564.0,0.0,1.2,,,,,,0.8,,2.4
Puente Aranda,2025-10-10 05:00:00,,2.9,0.68,245.0,,88.0,,,46.6,25.0,71.3,0.9,10.6,5.4,0.0,564.0,4.0,1.2,,,,,,0.6,,3.4
Puente Aranda,2025-10-10 06:00:00,,2.9,1.32,252.0,,86.0,,,73.2,29.1,100.9,1.5,9.4,6.8,0.0,564.0,77.0,1.7,,,,,,0.9,,4.0
Puente Aranda,2025-10-10 07:00:00,,1.7,0.76,205.0,,76.0,,,27.3,24.8,52.1,4.1,25.4,6.8,0.0,565.0,102.0,1.5,,,,,,0.7,,3.0
Puente Aranda,2025-10-10 08:00:00,,1.0,0.59,253.0,,69.0,,,19.1,22.0,41.1,5.7,36.1,7.9,0.0,565.0,177.0,1.3,,,,,,0.7,,1.4
Puente Aranda,2025-10-10 09:00:00,,1.0,0.71,185.0,,61.0,,,25.0,29.3,54.3,8.1,33.6,12.6,0.0,565.0,371.0,1.2,,,,,,1.5,,3.6
Puente Aranda,2025-10-10 12:00:00,,1.4,0.42,261.0,,67.0,,,7.4,22.3,29.8,16.6,35.2,7.1,0.0,563.0,179.0,1.7,,,,,,3.2,,1.6
Puente Aranda,2025-10-10 13:00:00,,1.4,0.42,244.0,,72.0,,,9.0,19.6,28.7,16.7,32.3,8.8,0.0,563.0,399.0,1.5,,,,,,3.5,,1.7
Puente Aranda,2025-10-10 14:00:00,,5.1,0.34,260.0,,77.0,,,6.9,16.8,23.7,14.8,27.4,8.4,0.0,562.0,195.0,1.3,,,,,,3.3,,1.4
Puente Aranda,2025-10-10 15:00:00,,5.9,0.41,267.0,,76.0,,,6.9,19.4,26.4,10.3,32.0,10.2,0.0,563.0,46.0,1.2,,,,,,2.1,,1.3
Puente Aranda,2025-10-10 16:00:00,,7.4,0.5,259.0,,78.0,,,5.5,23.0,28.6,7.1,22.3,7.0,0.0,563.0,3.0,1.1,,,,,,1.7,,1.1
San Cristobal,2025-10-10 00:00:00,,15.7,0.11,111.0,,76.0,,,0.4,1.9,2.4,18.7,9.0,6.0,0.0,,0.0,0.3,,,12.4,,,1.5,,0.2
San Cristobal,2025-10-10 01:00:00,,86.9,0.1,102.0,,80.0,,,0.6,2.2,2.9,17.6,5.0,4.0,0.0,,0.0,0.3,,,11.8,,,1.1,,0.0
San Cristobal,2025-10-10 02:00:00,,33.2,0.08,100.0,,78.0,,,1.0,3.0,4.0,17.1,,5.0,0.0,,0.0,0.3,,,11.6,,,0.5,,0.0
San Cristobal,2025-10-10 03:00:00,,36.6,0.09,176.0,,73.0,,,0.3,2.3,2.6,19.0,,3.0,0.0,,0.0,0.3,,,11.8,,,0.1,,0.3
San Cristobal,2025-10-10 04:00:00,,25.6,0.16,94.0,,77.0,,,1.9,8.4,10.3,11.6,9.0,5.0,0.0,,0.0,0.4,,,11.5,,,0.6,,0.4
San Cristobal,2025-10-10 05:00:00,,14.3,0.28,101.0,,79.0,,,5.2,9.9,15.2,6.4,6.0,6.0,0.0,,2.0,0.3,,,10.7,,,1.1,,0.8
San Cristobal,2025-10-10 06:00:00,,5.8,0.61,95.0,,75.0,,,18.5,15.9,34.4,3.7,20.0,5.0,0.0,,71.0,0.7,,,12.0,,,0.4,,1.8
San Cristobal,2025-10-10 07:00:00,,3.6,0.77,8.0,,66.0,,,20.5,23.1,43.7,4.1,27.0,7.0,0.0,,86.0,1.2,,,14.0,,,0.1,,2.1
San Cristobal,2025-10-10 08:00:00,,6.0,1.12,356.0,,63.0,,,32.6,30.9,63.5,5.3,48.0,11.0,0.0,,127.0,1.0,,,14.9,,,0.5,,3.4
San Cristobal,2025-10-10 09:00:00,,9.8,0.24,111.0,,57.0,,,3.8,6.3,10.2,16.2,,22.0,0.0,,239.0,0.4,,,15.7,,,2.0,,1.8
San Cristobal,2025-10-10 10:00:00,,5.1,0.16,103.0,,56.0,,,2.6,4.6,7.3,19.7,8.0,3.0,0.0,,297.0,0.2,,,16.4,,,2.3,,0.3
San Cristobal,2025-10-10 11:00:00,,12.0,0.17,110.0,,51.0,,,3.2,4.8,8.0,20.4,9.0,2.0,0.0,,309.0,0.2,,,17.5,,,2.0,,0.4
San Cristobal,2025-10-10 12:00:00,,12.9,0.17,120.0,,44.0,,,3.2,4.4,7.6,20.0,8.0,3.0,0.0,,335.0,0.2,,,19.0,,,1.7,,0.2
San Cristobal,2025-10-10 13:00:00,,83.8,0.21,85.0,,42.0,,,2.9,6.4,9.3,21.9,18.0,4.0,0.0,,629.0,0.8,,,21.2,,,0.4,,0.7
San Cristobal,2025-10-10 14:00:00,,2.2,0.31,331.0,,57.0,,,4.6,12.2,16.8,23.2,43.0,4.0,0.0,,357.0,1.8,,,19.4,,,1.8,,2.4
San Cristobal,2025-10-10 15:00:00,,4.7,0.4,25.0,,64.0,,,5.4,15.8,21.2,19.8,52.0,17.0,0.0,,101.0,1.5,,,17.5,,,1.5,,2.4
San Cristobal,2025-10-10 16:00:00,,3.0,0.42,336.0,,68.0,,,5.2,16.5,21.7,16.8,35.0,19.0,0.0,,94.0,1.1,,,16.6,,,2.0,,2.6
San Cristobal,2025-10-10 17:00:00,,5.6,0.51,323.0,,71.0,,,1.9,23.0,25.0,11.5,30.0,14.0,0.0,,5.0,0.8,,,14.5,,,1.2,,1.9
Suba,2025-10-10 00:00:00,,,0.37,4.0,,,,,3.0,15.3,18.3,1.5,25.9,11.0,0.0,,,2.6,,,11.5,,,1.4,,
Suba,2025-10-10 01:00:00,,,0.35,21.0,,,,,2.1,15.3,17.4,1.8,18.6,8.0,0.0,,,2.4,,,11.6,,,1.7,,
Suba,2025-10-10 02:00:00,,,0.32,15.0,,,,,1.0,12.4,13.5,3.0,25.4,5.0,0.0,,,2.2,,,11.8,,,1.4,,
Suba,2025-10-10 03:00:00,,,0.32,10.0,,,,,1.1,10.5,11.7,3.4,21.3,10.0,0.0,,,1.2,,,11.5,,,1.6,,
Suba,2025-10-10 04:00:00,,,0.33,21.0,,,,,5.7,14.4,20.1,2.4,22.4,8.0,0.0,,,2.8,,,11.2,,,1.8,,
Suba,2025-10-10 05:00:00,,,0.45,23.0,,,,,14.2,17.0,31.2,1.6,16.5,10.0,0.0,,,3.8,,,10.9,,,1.6,,
Suba,2025-10-10 06:00:00,,,0.56,0.0,,,,,22.6,17.1,39.8,1.7,26.1,11.0,0.0,,,8.8,,,11.3,,,1.3,,
Suba,2025-10-10 07:00:00,,,0.43,0.0,,,,,11.4,11.8,23.3,4.7,39.0,14.0,0.0,,,4.2,,,13.1,,,1.6,,
Suba,2025-10-10 08:00:00,,,0.4,342.0,,,,,6.7,8.4,15.2,8.1,55.7,9.0,0.0,,,2.2,,,15.6,,,1.5,,
Suba,2025-10-10 09:00:00,,,0.48,352.0,,,,,6.7,10.3,17.1,9.8,53.2,6.0,0.0,,,1.2,,,18.0,,,0.1,,
Suba,2025-10-10 10:00:00,,,0.59,149.0,,,,,8.8,13.5,22.3,12.0,44.8,6.0,0.0,,,0.8,,,20.0,,,0.6,,
Suba,2025-10-10 11:00:00,,,0.41,43.0,,,,,4.9,7.3,12.2,13.3,33.4,4.0,0.0,,,0.7,,,20.1,,,1.2,,
Suba,2025-10-10 12:00:00,,,0.33,351.0,,,,,2.3,3.9,6.3,16.1,46.0,1.0,0.0,,,0.7,,,21.8,,,1.5,,
Suba,2025-10-10 13:00:00,,,0.43,266.0,,,,,1.8,6.8,8.7,19.1,33.2,17.0,0.0,,,1.1,,,20.7,,,1.4,,
Suba,2025-10-10 14:00:00,,,0.46,248.0,,,,,1.7,9.0,10.7,26.8,65.8,21.0,0.0,,,1.3,,,20.0,,,1.9,,
Suba,2025-10-10 15:00:00,,,0.4,346.0,,,,,1.3,7.0,8.4,23.8,52.5,24.0,24.5,,,1.1,,,15.6,,,2.2,,
Suba,2025-10-10 16:00:00,,,0.37,253.0,,,,,0.7,4.5,5.3,17.4,35.9,8.0,3.0,,,0.8,,,12.2,,,1.0,,
Suba,2025-10-10 17:00:00,,,0.47,283.0,,,,,2.0,9.6,11.7,10.2,26.1,22.0,0.0,,,0.8,,,12.2,,,0.2,,
Tunal,2025-10-10 00:00:00,947.4,6.6,,201.0,,75.0,79.2,,0.4,3.9,4.3,13.5,11.0,7.0,0.0,564.0,1.0,0.4,,,,,,0.7,,0.9
Tunal,2025-10-10 01:00:00,898.5,9.7,,199.0,,77.0,81.1,,0.9,2.5,3.5,12.9,19.0,6.0,0.5,563.0,1.0,0.4,,,,,,0.7,,0.8
Tunal,2025-10-10 02:00:00,1032.1,9.9,,199.0,,81.0,87.6,,2.0,3.5,5.5,10.4,12.0,5.0,0.0,563.0,1.0,0.4,,,,,,0.5,,0.9
Tunal,2025-10-10 03:00:00,1092.0,6.8,,210.0,,82.0,88.6,,2.0,3.9,5.9,10.2,11.0,3.0,0.0,563.0,1.0,0.3,,,,,,0.5,,1.0
Tunal,2025-10-10 04:00:00,2459.4,6.7,,205.0,,82.0,85.6,,4.5,7.6,12.2,7.3,9.0,8.0,0.0,563.0,1.0,0.6,,,,,,0.5,,2.3
Tunal,2025-10-10 05:00:00,6271.5,2.7,,178.0,,82.0,83.8,,23.4,12.7,36.2,3.0,25.0,23.0,0.0,564.0,6.0,1.4,,,,,,0.6,,6.3
Tunal,2025-10-10 06:00:00,3868.5,0.2,,182.0,,81.0,77.3,,23.4,12.1,35.6,3.7,41.0,11.0,0.0,564.0,97.0,1.1,,,,,,0.6,,4.0
Tunal,2025-10-10 07:00:00,4837.5,1.0,,260.0,,69.0,67.4,,35.3,14.9,50.3,5.0,22.0,13.0,0.0,565.0,122.0,1.7,,,,,,0.8,,4.9
Tunal,2025-10-10 08:00:00,9803.7,2.8,,309.0,,64.0,62.2,,63.2,19.2,82.4,4.9,48.0,18.0,0.0,565.0,227.0,3.2,,,,,,1.0,,9.7
Tunal,2025-10-10 09:00:00,9632.5,1.8,,287.0,,59.0,57.5,,55.9,23.1,79.0,7.4,60.0,27.0,0.0,565.0,364.0,2.7,,,,,,1.6,,9.7
Tunal,2025-10-10 10:00:00,707.9,1.6,,178.0,,44.0,41.0,,5.0,2.3,7.3,18.2,67.0,4.0,0.0,565.0,741.0,0.5,,,,,,1.4,,0.7
Tunal,2025-10-10 11:00:00,2486.0,2.4,,159.0,,39.0,40.1,,6.8,2.2,9.1,19.1,11.0,4.0,0.0,564.0,807.0,0.4,,,,,,1.6,,2.4
Tunal,2025-10-10 12:00:00,3426.6,3.1,,263.0,,44.0,40.8,,13.9,5.0,19.0,18.9,7.0,14.0,0.0,563.0,844.0,1.4,,,,,,2.4,,3.4
Tunal,2025-10-10 13:00:00,5100.7,2.5,,285.0,,51.0,48.1,,13.9,8.6,22.5,19.1,41.0,17.0,0.0,563.0,504.0,1.7,,,,,,3.8,,4.9
Tunal,2025-10-10 14:00:00,5271.2,3.7,,286.0,,62.0,60.2,,15.3,11.9,27.2,19.3,50.0,19.0,0.0,562.0,305.0,1.6,,,,,,3.9,,5.0
Tunal,2025-10-10 15:00:00,4246.7,2.6,,271.0,,56.0,53.9,,16.3,7.4,23.8,17.1,55.0,7.0,0.0,562.0,201.0,1.2,,,,,,2.8,,4.2
Tunal,2025-10-10 16:00:00,5508.7,1.8,,302.0,,66.0,68.0,,27.3,15.0,42.2,11.8,36.0,14.0,0.0,562.0,102.0,1.4,,,,,,2.7,,5.5
Tunal,2025-10-10 17:00:00,5043.1,4.1,,307.0,,67.0,69.7,,27.7,16.8,44.5,8.8,42.0,17.0,0.0,563.0,15.0,1.5,,,,,,2.2,,4.8
Usaquen,2025-10-10 00:00:00,,,,118.0,,,,,,,,,1.0,1.0,0.0,,,,,,12.8,,,1.2,,
Usaquen,2025-10-10 01:00:00,,,,324.0,,,,,,,,,3.6,0.0,0.0,,,,,,12.9,,,0.4,,
Usaquen,2025-10-10 02:00:00,,,,137.0,,,,,,,,,7.3,1.6,0.0,,,,,,12.8,,,1.8,,
Usaquen,2025-10-10 03:00:00,,,,122.0,,,,,,,,,4.6,0.0,0.0,,,,,,12.5,,,2.2,,
Usaquen,2025-10-10 04:00:00,,,,94.0,,,,,,,,,0.0,0.0,0.0,,,,,,12.5,,,1.5,,
Usaquen,2025-10-10 05:00:00,,,,115.0,,,,,,,,,0.1,0.0,0.0,,,,,,12.2,,,2.1,,
Usaquen,2025-10-10 06:00:00,,,,166.0,,,,,,,,,0.1,0.0,0.0,,,,,,12.9,,,0.6,,
Usaquen,2025-10-10 07:00:00,,,,116.0,,,,,,,,,7.5,0.0,0.0,,,,,,14.0,,,2.0,,
Usaquen,2025-10-10 08:00:00,,,,87.0,,,,,,,,,11.9,2.6,0.0,,,,,,16.1,,,0.3,,
Usaquen,2025-10-10 09:00:00,,,,288.0,,,,,,,,,16.4,5.0,0.0,,,,,,17.0,,,1.1,,
Usaquen,2025-10-10 10:00:00,,,,217.0,,,,,,,,,50.3,9.2,0.0,,,,,,18.5,,,2.0,,
Usaquen,2025-10-10 11:00:00,,,,195.0,,,,,,,,,25.3,6.6,0.0,,,,,,19.8,,,1.3,,
Usaquen,2025-10-10 12:00:00,,,,197.0,,,,,,,,,12.1,2.1,0.0,,,,,,20.6,,,1.6,,
Usaquen,2025-10-10 13:00:00,,,,199.0,,,,,,,,,8.9,1.5,0.0,,,,,,21.0,,,1.7,,
Usaquen,2025-10-10 14:00:00,,,,244.0,,,,,,,,,26.8,4.7,0.0,,,,,,18.6,,,2.0,,
Usaquen,2025-10-10 15:00:00,,,,329.0,,,,,,,,,53.7,9.0,0.5,,,,,,16.2,,,1.5,,
Usaquen,2025-10-10 16:00:00,,,,24.0,,,,,,,,,36.8,11.6,0.1,,,,,,14.0,,,0.7,,
Usaquen,2025-10-10 17:00:00,,,,72.0,,,,,,,,,25.1,11.3,0.0,,,,,,14.4,,,0.2,,
Usme,2025-10-10 00:00:00,,,,,,,,,2.1,9.9,12.1,16.0,18.2,6.5,0.0,563.0,0.0,1.0,,,13.4,,,,,
Usme,2025-10-10 01:00:00,,,,,,,,,1.9,11.3,13.3,13.6,11.7,8.0,0.0,562.0,0.0,2.2,,,13.0,,,,,
Usme,2025-10-10 02:00:00,,,,,,,,,2.0,11.8,13.9,13.0,7.7,6.5,0.0,562.0,0.0,2.5,,,12.7,,,,,
Usme,2025-10-10 03:00:00,,,,,,,,,5.1,16.0,21.2,9.2,5.3,5.5,0.0,562.0,0.0,0.9,,,12.6,,,,,
Usme,2025-10-10 04:00:00,,,,,,,,,6.1,12.8,19.0,13.1,13.4,5.0,0.0,562.0,0.0,0.7,,,12.9,,,,,
Usme,2025-10-10 05:00:00,,,,,,,,,11.7,23.6,35.3,3.2,12.2,4.6,0.0,563.0,3.0,1.9,,,12.4,,,,,
Usme,2025-10-10 06:00:00,,,,,,,,,17.1,15.5,32.6,8.7,26.5,4.4,0.0,563.0,98.0,4.1,,,13.3,,,,,
Usme,2025-10-10 07:00:00,,,,,,,,,13.1,13.6,26.7,14.4,22.4,6.4,0.0,563.0,153.0,1.1,,,14.7,,,,,
Usme,2025-10-10 08:00:00,,,,,,,,,7.8,9.3,17.2,21.4,31.1,5.9,0.0,564.0,213.0,3.8,,,16.2,,,,,
Usme,2025-10-10 09:00:00,,,0.6,,,,,,1.9,3.9,5.8,24.3,32.9,5.4,0.0,564.0,388.0,4.0,,,16.6,,,,,
Usme,2025-10-10 10:00:00,,,0.61,,,,,,2.4,3.9,6.4,24.1,20.0,5.2,0.0,563.0,591.0,4.0,,,17.6,,,,,
Usme,2025-10-10 11:00:00,,,0.67,,,,,,4.7,4.4,9.1,23.7,32.0,5.2,0.0,563.0,579.0,2.8,,,18.6,,,,,
Usme,2025-10-10 12:00:00,,,0.65,,,,,,6.3,6.0,12.3,22.6,19.6,5.1,0.0,562.0,464.0,3.8,,,19.6,,,,,
Usme,2025-10-10 13:00:00,,,0.67,,,,,,5.2,5.1,10.3,23.3,27.9,5.0,0.0,561.0,535.0,3.7,,,20.3,,,,,
Usme,2025-10-10 14:00:00,,,0.77,,,,,,6.9,9.8,16.8,23.8,16.8,5.0,0.0,561.0,336.0,2.8,,,19.8,,,,,
Usme,2025-10-10 15:00:00,,,0.81,,,,,,8.7,9.5,18.2,22.8,22.7,5.0,0.0,561.0,301.0,3.2,,,19.3,,,,,
Usme,2025-10-10 16:00:00,,,0.85,,,,,,6.7,14.4,21.1,22.1,25.0,4.8,0.0,561.0,139.0,3.1,,,18.2,,,,,
Usme,2025-10-10 17:00:00,,,1.13,,,,,,6.1,28.0,34.2,11.0,15.3,4.8,0.0,562.0,10.0,2.8,,,15.6,,,,,
